{
    "bindings": [
        {
            "font": "{06e8981a-ec8f-4b97-be76-f01ebe5b4b99}",
            "language": "{9cc97db5-5903-44bc-a6a0-d5d336ce10b9}",
            "string": "{027fac55-f553-41db-bf5d-931179abce2f}"
        },
        {
            "font": "{aee574a9-ba00-4097-8c86-c492faa21f9e}",
            "language": "{9cc97db5-5903-44bc-a6a0-d5d336ce10b9}",
            "string": "{9bb5f679-38c9-4942-a935-08b5435d728e}"
        },
        {
            "font": "{afebe687-16b4-4658-8280-e9113243202f}",
            "language": "{9cc97db5-5903-44bc-a6a0-d5d336ce10b9}",
            "string": "{09538055-6d9b-4c82-9071-aca02d71b79f}"
        },
        {
            "font": "{afebe687-16b4-4658-8280-e9113243202f}",
            "language": "{9cc97db5-5903-44bc-a6a0-d5d336ce10b9}",
            "string": "{12b61793-0107-4ab5-b901-cdeafc68c021}"
        },
        {
            "font": "{afebe687-16b4-4658-8280-e9113243202f}",
            "language": "{9cc97db5-5903-44bc-a6a0-d5d336ce10b9}",
            "string": "{1a991566-989a-414d-b242-6bd8fab2b97e}"
        },
        {
            "font": "{afebe687-16b4-4658-8280-e9113243202f}",
            "language": "{9cc97db5-5903-44bc-a6a0-d5d336ce10b9}",
            "string": "{1d420df2-03d2-4997-900e-0eea769400a4}"
        },
        {
            "font": "{afebe687-16b4-4658-8280-e9113243202f}",
            "language": "{9cc97db5-5903-44bc-a6a0-d5d336ce10b9}",
            "string": "{6b32b6d4-70ad-472c-a3ef-a69531946c3c}"
        },
        {
            "font": "{afebe687-16b4-4658-8280-e9113243202f}",
            "language": "{9cc97db5-5903-44bc-a6a0-d5d336ce10b9}",
            "string": "{b9942f9a-3781-48c4-a810-ad0717b75764}"
        },
        {
            "font": "{afebe687-16b4-4658-8280-e9113243202f}",
            "language": "{9cc97db5-5903-44bc-a6a0-d5d336ce10b9}",
            "string": "{c2658f2e-7b54-4b80-a837-13c1f89000ce}"
        },
        {
            "font": "{afebe687-16b4-4658-8280-e9113243202f}",
            "language": "{9cc97db5-5903-44bc-a6a0-d5d336ce10b9}",
            "string": "{d872ed3f-9b5d-44b0-8e5c-eadbd03a4566}"
        }
    ],
    "defaultLanguage": "{9cc97db5-5903-44bc-a6a0-d5d336ce10b9}",
    "encoding": "ASCII",
    "languages": [
        {
            "properties": {
                "__categories": [
                ],
                "__groups": [
                ],
                "enabled": {
                    "enabled": true,
                    "type": "boolean",
                    "value": true,
                    "visible": true
                },
                "id": {
                    "enabled": true,
                    "type": "uuid",
                    "value": "{9cc97db5-5903-44bc-a6a0-d5d336ce10b9}",
                    "visible": true
                },
                "name": {
                    "enabled": true,
                    "type": "text",
                    "value": "Default",
                    "visible": true
                }
            }
        }
    ],
    "paths": [
    ],
    "strings": [
        {
            "properties": {
                "__categories": [
                ],
                "__groups": [
                ],
                "description": {
                    "enabled": true,
                    "type": "text",
                    "value": "",
                    "visible": true
                },
                "id": {
                    "enabled": true,
                    "type": "uuid",
                    "value": "{027fac55-f553-41db-bf5d-931179abce2f}",
                    "visible": true
                },
                "name": {
                    "enabled": true,
                    "type": "text",
                    "value": "Speed",
                    "visible": true
                },
                "path": {
                    "enabled": true,
                    "type": "text",
                    "value": "/",
                    "visible": true
                }
            },
            "values": [
                {
                    "language": "{9cc97db5-5903-44bc-a6a0-d5d336ce10b9}",
                    "value": "48"
                }
            ]
        },
        {
            "properties": {
                "__categories": [
                ],
                "__groups": [
                ],
                "description": {
                    "enabled": true,
                    "type": "text",
                    "value": "",
                    "visible": true
                },
                "id": {
                    "enabled": true,
                    "type": "uuid",
                    "value": "{09538055-6d9b-4c82-9071-aca02d71b79f}",
                    "visible": true
                },
                "name": {
                    "enabled": true,
                    "type": "text",
                    "value": "Left",
                    "visible": true
                },
                "path": {
                    "enabled": true,
                    "type": "text",
                    "value": "/",
                    "visible": true
                }
            },
            "values": [
                {
                    "language": "{9cc97db5-5903-44bc-a6a0-d5d336ce10b9}",
                    "value": "Turn Left"
                }
            ]
        },
        {
            "properties": {
                "__categories": [
                ],
                "__groups": [
                ],
                "description": {
                    "enabled": true,
                    "type": "text",
                    "value": "",
                    "visible": true
                },
                "id": {
                    "enabled": true,
                    "type": "uuid",
                    "value": "{12b61793-0107-4ab5-b901-cdeafc68c021}",
                    "visible": true
                },
                "name": {
                    "enabled": true,
                    "type": "text",
                    "value": "dist",
                    "visible": true
                },
                "path": {
                    "enabled": true,
                    "type": "text",
                    "value": "/",
                    "visible": true
                }
            },
            "values": [
                {
                    "language": "{9cc97db5-5903-44bc-a6a0-d5d336ce10b9}",
                    "value": "5 km"
                }
            ]
        },
        {
            "properties": {
                "__categories": [
                ],
                "__groups": [
                ],
                "description": {
                    "enabled": true,
                    "type": "text",
                    "value": "",
                    "visible": true
                },
                "id": {
                    "enabled": true,
                    "type": "uuid",
                    "value": "{1a991566-989a-414d-b242-6bd8fab2b97e}",
                    "visible": true
                },
                "name": {
                    "enabled": true,
                    "type": "text",
                    "value": "Right",
                    "visible": true
                },
                "path": {
                    "enabled": true,
                    "type": "text",
                    "value": "/",
                    "visible": true
                }
            },
            "values": [
                {
                    "language": "{9cc97db5-5903-44bc-a6a0-d5d336ce10b9}",
                    "value": "Turn Right"
                }
            ]
        },
        {
            "properties": {
                "__categories": [
                ],
                "__groups": [
                ],
                "description": {
                    "enabled": true,
                    "type": "text",
                    "value": "",
                    "visible": true
                },
                "id": {
                    "enabled": true,
                    "type": "uuid",
                    "value": "{1d420df2-03d2-4997-900e-0eea769400a4}",
                    "visible": true
                },
                "name": {
                    "enabled": true,
                    "type": "text",
                    "value": "time",
                    "visible": true
                },
                "path": {
                    "enabled": true,
                    "type": "text",
                    "value": "/",
                    "visible": true
                }
            },
            "values": [
                {
                    "language": "{9cc97db5-5903-44bc-a6a0-d5d336ce10b9}",
                    "value": "112"
                }
            ]
        },
        {
            "properties": {
                "__categories": [
                ],
                "__groups": [
                ],
                "description": {
                    "enabled": true,
                    "type": "text",
                    "value": "",
                    "visible": true
                },
                "id": {
                    "enabled": true,
                    "type": "uuid",
                    "value": "{6b32b6d4-70ad-472c-a3ef-a69531946c3c}",
                    "visible": true
                },
                "name": {
                    "enabled": true,
                    "type": "text",
                    "value": "Arrived",
                    "visible": true
                },
                "path": {
                    "enabled": true,
                    "type": "text",
                    "value": "/",
                    "visible": true
                }
            },
            "values": [
                {
                    "language": "{9cc97db5-5903-44bc-a6a0-d5d336ce10b9}",
                    "value": "ARRIVED!"
                }
            ]
        },
        {
            "properties": {
                "__categories": [
                ],
                "__groups": [
                ],
                "description": {
                    "enabled": true,
                    "type": "text",
                    "value": "",
                    "visible": true
                },
                "id": {
                    "enabled": true,
                    "type": "uuid",
                    "value": "{9bb5f679-38c9-4942-a935-08b5435d728e}",
                    "visible": true
                },
                "name": {
                    "enabled": true,
                    "type": "text",
                    "value": "SpeedUnit",
                    "visible": true
                },
                "path": {
                    "enabled": true,
                    "type": "text",
                    "value": "/",
                    "visible": true
                }
            },
            "values": [
                {
                    "language": "{9cc97db5-5903-44bc-a6a0-d5d336ce10b9}",
                    "value": "km/h"
                }
            ]
        },
        {
            "properties": {
                "__categories": [
                ],
                "__groups": [
                ],
                "description": {
                    "enabled": true,
                    "type": "text",
                    "value": "",
                    "visible": true
                },
                "id": {
                    "enabled": true,
                    "type": "uuid",
                    "value": "{b9942f9a-3781-48c4-a810-ad0717b75764}",
                    "visible": true
                },
                "name": {
                    "enabled": true,
                    "type": "text",
                    "value": "remainingTime",
                    "visible": true
                },
                "path": {
                    "enabled": true,
                    "type": "text",
                    "value": "/",
                    "visible": true
                }
            },
            "values": [
                {
                    "language": "{9cc97db5-5903-44bc-a6a0-d5d336ce10b9}",
                    "value": "Time Left:         mins"
                }
            ]
        },
        {
            "properties": {
                "__categories": [
                ],
                "__groups": [
                ],
                "description": {
                    "enabled": true,
                    "type": "text",
                    "value": "",
                    "visible": true
                },
                "id": {
                    "enabled": true,
                    "type": "uuid",
                    "value": "{c2658f2e-7b54-4b80-a837-13c1f89000ce}",
                    "visible": true
                },
                "name": {
                    "enabled": true,
                    "type": "text",
                    "value": "Instruction",
                    "visible": true
                },
                "path": {
                    "enabled": true,
                    "type": "text",
                    "value": "/",
                    "visible": true
                }
            },
            "values": [
                {
                    "language": "{9cc97db5-5903-44bc-a6a0-d5d336ce10b9}",
                    "value": "DRIVE SAFE!"
                }
            ]
        },
        {
            "properties": {
                "__categories": [
                ],
                "__groups": [
                ],
                "description": {
                    "enabled": true,
                    "type": "text",
                    "value": "",
                    "visible": true
                },
                "id": {
                    "enabled": true,
                    "type": "uuid",
                    "value": "{d872ed3f-9b5d-44b0-8e5c-eadbd03a4566}",
                    "visible": true
                },
                "name": {
                    "enabled": true,
                    "type": "text",
                    "value": "Straight",
                    "visible": true
                },
                "path": {
                    "enabled": true,
                    "type": "text",
                    "value": "/",
                    "visible": true
                }
            },
            "values": [
                {
                    "language": "{9cc97db5-5903-44bc-a6a0-d5d336ce10b9}",
                    "value": "Go Straight"
                }
            ]
        }
    ]
}
