{
    "images": [
        {
            "id": "{200f9e3a-c8f3-44e3-8a73-a4dc39e282f6}",
            "name": "blueBlur",
            "type": "RGB"
        },
        {
            "id": "{d5729931-3348-4bed-bf9c-766a33c949e9}",
            "name": "N120_346_71",
            "type": "RGB"
        },
        {
            "id": "{633cd8da-e732-463d-b0b0-41fc539e2d1c}",
            "name": "N40_74_350",
            "type": "RGB"
        },
        {
            "id": "{f3161ef7-7d32-45a9-b157-704266ed769e}",
            "name": "N0_157_422",
            "type": "RGB"
        },
        {
            "id": "{7ec9d3c1-7ad7-4521-8738-136ec6498341}",
            "name": "Speedo",
            "type": "RGB"
        },
        {
            "id": "{5d1c9832-9ff8-43e9-9a39-0ff5bf19af45}",
            "name": "MicrochipLogo",
            "type": "RGB"
        },
        {
            "id": "{67d677db-127a-4de2-84a3-1ce64b51d9d4}",
            "name": "LtA",
            "type": "RGB"
        },
        {
            "id": "{0176e893-f6e4-4211-a299-f03330394e8b}",
            "name": "RtA",
            "type": "RGB"
        },
        {
            "id": "{9f8ae437-dd46-4b67-a8da-a3a6b099874e}",
            "name": "StA",
            "type": "RGB"
        },
        {
            "id": "{b369573c-9472-4125-afeb-1187117b313b}",
            "name": "N28_81_367",
            "type": "RGB"
        },
        {
            "id": "{451f7a81-68f6-4e96-882f-de99cde4db27}",
            "name": "N24_89_379",
            "type": "RGB"
        },
        {
            "id": "{b28ce585-5f2e-488b-9df3-f946cd358a83}",
            "name": "N20_92_382",
            "type": "RGB"
        },
        {
            "id": "{234a6b25-a353-4952-b718-9fa7a02eb5f2}",
            "name": "destinationIcon",
            "type": "RGB"
        },
        {
            "id": "{8c5078eb-3de0-4de8-b659-65d480ff770e}",
            "name": "N38_110_354",
            "type": "RGB"
        },
        {
            "id": "{8bdc9bb6-6d2e-4ace-87ed-4aa2a90a14af}",
            "name": "N44_74_335",
            "type": "RGB"
        },
        {
            "id": "{a2d3887d-8223-4a9c-a6ff-9ad23f86d9ad}",
            "name": "N48_74_316",
            "type": "RGB"
        },
        {
            "id": "{7a5fdc06-52f5-4322-a66a-b9552923f924}",
            "name": "N52_77_286",
            "type": "RGB"
        },
        {
            "id": "{6a16a7e6-0bf4-451e-a619-519f972b5244}",
            "name": "N84_169_142",
            "type": "RGB"
        },
        {
            "id": "{2355b8d1-db13-4551-b0ec-06365e0cc2cb}",
            "name": "N88_180_123",
            "type": "RGB"
        },
        {
            "id": "{0c606453-917a-4f6f-bdb6-687d8193a6ed}",
            "name": "N92_203_118",
            "type": "RGB"
        },
        {
            "id": "{5fb2e462-ca1d-42e1-beae-63f16ffae536}",
            "name": "N96_224_102",
            "type": "RGB"
        },
        {
            "id": "{fa4c87ab-a020-453b-a386-0da8965cb824}",
            "name": "N100_247_95",
            "type": "RGB"
        },
        {
            "id": "{8cdc4950-6d01-4fdf-ab0f-34e061ba9348}",
            "name": "N108_276_79",
            "type": "RGB"
        },
        {
            "id": "{d0afc777-302d-490c-8ea5-b7db14d0876d}",
            "name": "N124_356_72",
            "type": "RGB"
        },
        {
            "id": "{6625b91d-10dd-4d03-ab9f-45a2107d2ac5}",
            "name": "N128_354_73",
            "type": "RGB"
        },
        {
            "id": "{f9cba4b5-d003-4432-a2da-448c398b1520}",
            "name": "N132_369_76",
            "type": "RGB"
        },
        {
            "id": "{e3978928-185d-4c12-b79d-c9ff573306cf}",
            "name": "N136_372_78",
            "type": "RGB"
        },
        {
            "id": "{3198bfec-522b-4aac-b007-6feea1f47aa4}",
            "name": "N144_392_96",
            "type": "RGB"
        },
        {
            "id": "{b0ccb790-a07d-49bf-bc0f-e9ab7dc3bc18}",
            "name": "N152_412_121",
            "type": "RGB"
        },
        {
            "id": "{ea0b97f3-6fa1-4045-8a76-3cc3e5d69dae}",
            "name": "N12_111_407",
            "type": "RGB"
        },
        {
            "id": "{b9a93555-5b1f-4a20-90a2-4d380e4acd78}",
            "name": "N16_103_374",
            "type": "RGB"
        },
        {
            "id": "{8a386305-a240-424d-b2cc-c0ab7c20a5da}",
            "name": "N32_80_363",
            "type": "RGB"
        },
        {
            "id": "{240d6f69-f41d-42c7-8b90-e9ab16c627ea}",
            "name": "N8_132_410",
            "type": "RGB"
        },
        {
            "id": "{45114082-d83c-4108-a2d0-43050bf61192}",
            "name": "N4_145_419",
            "type": "RGB"
        },
        {
            "id": "{632507b5-4d06-4ee3-8192-dc84a51b373f}",
            "name": "N2_151_420",
            "type": "RGB"
        },
        {
            "id": "{2c47827b-ae53-4868-aa0b-4010b62f5640}",
            "name": "N6_133_412",
            "type": "RGB"
        },
        {
            "id": "{7dbd47f2-ed5a-4872-87ba-279df3ce56d9}",
            "name": "N10_126_406",
            "type": "RGB"
        },
        {
            "id": "{f981d1b6-14cf-4e97-ac0b-6ddc40140568}",
            "name": "N14_110_394",
            "type": "RGB"
        },
        {
            "id": "{1ad79eca-20f6-4e37-ac35-1d86f72cc199}",
            "name": "N18_102_393",
            "type": "RGB"
        },
        {
            "id": "{a62255c5-d785-4479-a6cb-12645e24c09e}",
            "name": "N22_92_378",
            "type": "RGB"
        },
        {
            "id": "{35104bda-94ae-4498-9ee9-4c326c1b5e20}",
            "name": "N26_85_368",
            "type": "RGB"
        },
        {
            "id": "{dbfcfa2d-6c43-4c1a-9483-6c4cc55ef949}",
            "name": "N30_80_362",
            "type": "RGB"
        },
        {
            "id": "{8ac621dc-79bf-4705-80c9-5277c439f7ce}",
            "name": "N34_77_357",
            "type": "RGB"
        },
        {
            "id": "{28da9677-e9f6-4192-9350-7c0919e032cc}",
            "name": "N36_79_347",
            "type": "RGB"
        },
        {
            "id": "{2edfe6fc-b3fb-4e81-8e0c-8c675f15019d}",
            "name": "N42_74_341",
            "type": "RGB"
        },
        {
            "id": "{66dbaa3a-a1bd-48dd-a3a6-1a8bbc094ef4}",
            "name": "N46_76_323",
            "type": "RGB"
        },
        {
            "id": "{faa0f11a-ccaa-4f03-af5f-6405ecc9f31c}",
            "name": "N50_75_296",
            "type": "RGB"
        },
        {
            "id": "{de46b07f-57c6-425d-8a51-e839f4ec8ec4}",
            "name": "N54_83_281",
            "type": "RGB"
        },
        {
            "id": "{ed8f277e-cb12-49fc-b3e0-9ff978325c66}",
            "name": "N56_86_271",
            "type": "RGB"
        },
        {
            "id": "{d23a5228-dfd0-423a-a3ca-de5d0e4e27a8}",
            "name": "N58_87_258",
            "type": "RGB"
        },
        {
            "id": "{2cb257a5-c205-45e2-a112-d2a49c9d7641}",
            "name": "N60_95_249",
            "type": "RGB"
        },
        {
            "id": "{11527fce-947f-4c46-8c86-d09c59af2759}",
            "name": "N62_102_238",
            "type": "RGB"
        },
        {
            "id": "{52a62404-4879-4f8a-aef0-3c213d1ec5a2}",
            "name": "N64_105_227",
            "type": "RGB"
        },
        {
            "id": "{c2426414-49ca-49f7-815f-45ca8b0f0d54}",
            "name": "N66_109_220",
            "type": "RGB"
        },
        {
            "id": "{586e018b-b890-4f4f-90cf-aff884695d33}",
            "name": "N68_114_211",
            "type": "RGB"
        },
        {
            "id": "{3c8f431f-5d32-4b62-a8c9-7039fa03f482}",
            "name": "N70_120_201",
            "type": "RGB"
        },
        {
            "id": "{a8b3a6ed-b162-462c-87f6-5777cd5a5d55}",
            "name": "N72_127_190",
            "type": "RGB"
        },
        {
            "id": "{838bb44f-a601-473d-be32-d35124ab1a84}",
            "name": "N74_132_186",
            "type": "RGB"
        },
        {
            "id": "{f6bb6e21-db49-41bc-92a8-375e1abf8aa0}",
            "name": "N76_138_178",
            "type": "RGB"
        },
        {
            "id": "{e9eec319-8cb1-4844-a898-9d0ec43324ee}",
            "name": "N78_144_170",
            "type": "RGB"
        },
        {
            "id": "{a1669731-d93d-4a93-9e7d-d7d1e6cdc56a}",
            "name": "N80_154_160",
            "type": "RGB"
        },
        {
            "id": "{2dbe998b-a1cf-4cb2-9f10-856580f2a73f}",
            "name": "N82_164_149",
            "type": "RGB"
        },
        {
            "id": "{908d95ff-1f08-4606-96fa-8b3a41666e87}",
            "name": "N86_180_138",
            "type": "RGB"
        },
        {
            "id": "{732a9a54-0309-47a7-950c-a0f2e950fb02}",
            "name": "N90_197_124",
            "type": "RGB"
        },
        {
            "id": "{1041ee62-2c08-4cf4-86c6-818dfdf23280}",
            "name": "N94_215_112",
            "type": "RGB"
        },
        {
            "id": "{90eedafb-97f0-4c92-ad56-fc498a1a66c2}",
            "name": "N98_231_103",
            "type": "RGB"
        },
        {
            "id": "{644b584e-e0db-42cd-bc70-857d46380540}",
            "name": "N102_256_95",
            "type": "RGB"
        },
        {
            "id": "{5024c9f6-cedb-4578-8182-9d6a9befb30a}",
            "name": "N104_266_92",
            "type": "RGB"
        },
        {
            "id": "{95f346b2-320c-481e-a0e2-f0e3e52d9a16}",
            "name": "N106_275_89",
            "type": "RGB"
        },
        {
            "id": "{d42ba43f-a5fd-459f-b92b-4976b956ab91}",
            "name": "N110_298_79",
            "type": "RGB"
        },
        {
            "id": "{74bbd220-4d28-4ed9-a592-2f769a551d4e}",
            "name": "N112_312_75",
            "type": "RGB"
        },
        {
            "id": "{5ea48e87-2d14-47be-b73c-9827b0f367ae}",
            "name": "N114_321_74",
            "type": "RGB"
        },
        {
            "id": "{904f2903-643e-4c62-ab7d-0fb8f1ec0fc2}",
            "name": "N116_329_76",
            "type": "RGB"
        },
        {
            "id": "{281646af-0eaf-4871-bfea-8e3d6837212b}",
            "name": "N118_338_74",
            "type": "RGB"
        },
        {
            "id": "{bf69354b-e772-40f4-b335-df3a20874f70}",
            "name": "N122_351_73",
            "type": "RGB"
        },
        {
            "id": "{13186a86-1e7e-48a5-9253-bb0b0cb907db}",
            "name": "N126_359_74",
            "type": "RGB"
        },
        {
            "id": "{d472e783-16cc-4a05-b280-07d98d6aecac}",
            "name": "N130_369_76",
            "type": "RGB"
        },
        {
            "id": "{b79dd837-5929-4676-ae76-fbf5ee583775}",
            "name": "N134_371_76",
            "type": "RGB"
        },
        {
            "id": "{6c8d7661-37e2-4f04-be1d-221e1fdcf5e1}",
            "name": "N138_378_85",
            "type": "RGB"
        },
        {
            "id": "{8f6b95ab-8885-4500-8899-b6fe9648f900}",
            "name": "N140_388_89",
            "type": "RGB"
        },
        {
            "id": "{270a558f-0a5c-4215-8b79-240a57d26f99}",
            "name": "N142_393_96",
            "type": "RGB"
        },
        {
            "id": "{8d5d742b-3f4d-4bb7-a93e-1c3f4a6c94ee}",
            "name": "N146_400_103",
            "type": "RGB"
        },
        {
            "id": "{70401c42-3d01-4831-bb97-e7570bcf48dc}",
            "name": "N148_404_110",
            "type": "RGB"
        },
        {
            "id": "{8a39a966-50ce-4c2e-b159-2e32ccb2c412}",
            "name": "N150_411_119",
            "type": "RGB"
        },
        {
            "id": "{f3349f91-b274-4877-9b0e-0e4b9f124073}",
            "name": "N154_414_126",
            "type": "RGB"
        },
        {
            "id": "{9070e120-3fa3-429c-9e6d-ab13f181528a}",
            "name": "N156_417_138",
            "type": "RGB"
        },
        {
            "id": "{037382c0-e3bf-43cd-8f88-03e579c391e3}",
            "name": "N158_423_146",
            "type": "RGB"
        },
        {
            "id": "{f6a6fdc1-d01e-4d38-86ba-27148b88eeaf}",
            "name": "N160_425_154",
            "type": "RGB"
        },
        {
            "id": "{81c06114-1ab9-4a17-abdc-d041156178c5}",
            "name": "N162_430_162",
            "type": "RGB"
        },
        {
            "id": "{df5c58d3-1655-4d0c-8b57-c5f8bfd29a9f}",
            "name": "N164_434_173",
            "type": "RGB"
        },
        {
            "id": "{e8d755d0-f628-4db8-9dc1-a9177973a90c}",
            "name": "N166_436_179",
            "type": "RGB"
        },
        {
            "id": "{d3daa690-daed-418d-9d8d-291162ad70f7}",
            "name": "N168_439_188",
            "type": "RGB"
        },
        {
            "id": "{3f9bf031-3fe3-4f8b-9539-ec1834196746}",
            "name": "N170_443_197",
            "type": "RGB"
        },
        {
            "id": "{50a62dcb-1568-4526-9209-bf102614ea2b}",
            "name": "N172_445_206",
            "type": "RGB"
        },
        {
            "id": "{076137d6-6dac-4ceb-b0de-d28c922307ac}",
            "name": "N174_449_215",
            "type": "RGB"
        },
        {
            "id": "{a111cbef-a497-4224-aef1-085d9dac818c}",
            "name": "N176_450_220",
            "type": "RGB"
        },
        {
            "id": "{16710e63-e5dd-46a0-9833-f470cbaac450}",
            "name": "N78_454_233",
            "type": "RGB"
        },
        {
            "id": "{c6ad8b3f-ae1b-4466-9b96-3d78f41d9040}",
            "name": "N180_457_245",
            "type": "RGB"
        },
        {
            "id": "{2278e0e6-5e18-4a04-8306-2884766034ed}",
            "name": "N182_457_254",
            "type": "RGB"
        },
        {
            "id": "{7fb78317-a77a-495e-864f-f09c7b396932}",
            "name": "N184_460_265",
            "type": "RGB"
        },
        {
            "id": "{697fd439-a205-4b39-9b4d-40993b69fac6}",
            "name": "N186_462_275",
            "type": "RGB"
        },
        {
            "id": "{03061c89-79bd-4043-bf3d-fa5648287813}",
            "name": "N188_464_284",
            "type": "RGB"
        },
        {
            "id": "{d703824b-cd31-46c7-b4d5-b4d8cd234782}",
            "name": "N190_465_296",
            "type": "RGB"
        },
        {
            "id": "{c8ec3fc1-8cb7-4836-b8a5-494e1dcac02b}",
            "name": "N192_465_304",
            "type": "RGB"
        },
        {
            "id": "{b4ed9219-e055-485f-b736-57018186de9b}",
            "name": "N194_468_318",
            "type": "RGB"
        },
        {
            "id": "{096229c0-6d6f-4173-81f5-128fae22273a}",
            "name": "N196_468_326",
            "type": "RGB"
        },
        {
            "id": "{b73166f2-0031-44a2-bf24-dd2fea89f213}",
            "name": "N198_468_337",
            "type": "RGB"
        },
        {
            "id": "{bfc4516c-ffa2-4879-8cee-790314b52564}",
            "name": "N200_469_350",
            "type": "RGB"
        },
        {
            "id": "{cf55eba1-caad-439b-a8da-723bc327faac}",
            "name": "N202_469_352",
            "type": "RGB"
        },
        {
            "id": "{b25d73eb-2e85-445d-813b-96840ef79502}",
            "name": "N204_468_358",
            "type": "RGB"
        },
        {
            "id": "{318cf4ab-9872-4492-b565-a3f581402642}",
            "name": "N206_466_363",
            "type": "RGB"
        },
        {
            "id": "{a0075da7-e19c-41b3-916a-d18235f9579f}",
            "name": "N208_465_367",
            "type": "RGB"
        },
        {
            "id": "{f05183fa-f5d7-44ae-bb8a-0fb58a4a5d91}",
            "name": "N210_464_373",
            "type": "RGB"
        },
        {
            "id": "{36ed5bee-ad09-4412-a48e-d83f0f71844f}",
            "name": "N212_463_377",
            "type": "RGB"
        },
        {
            "id": "{2f760ff6-eb3a-409c-9fa0-1ef83daad65f}",
            "name": "N214_462_380",
            "type": "RGB"
        },
        {
            "id": "{d357ed44-5c09-44f0-89ae-e8c3a43c42d5}",
            "name": "N216_457_386",
            "type": "RGB"
        },
        {
            "id": "{fd96dd3b-25bf-4742-aea0-c5230dd28680}",
            "name": "N218_457_388",
            "type": "RGB"
        },
        {
            "id": "{a3b4a57b-d1f9-4702-82d0-f27b456202de}",
            "name": "N220_453_389",
            "type": "RGB"
        },
        {
            "id": "{27275728-d2ba-49a8-afbd-9aee85be943a}",
            "name": "N222_454_394",
            "type": "RGB"
        },
        {
            "id": "{ccc772d9-2448-4640-b862-fd3e399887af}",
            "name": "N224_449_401",
            "type": "RGB"
        },
        {
            "id": "{60851fee-a4d0-4e68-b42b-ec2aac05757e}",
            "name": "N226_447_406",
            "type": "RGB"
        },
        {
            "id": "{7a8b0617-8ba7-4ab0-9f32-ae3f32a06583}",
            "name": "N228_446_408",
            "type": "RGB"
        },
        {
            "id": "{98468829-5161-41eb-9d93-5b97abfc0238}",
            "name": "N230_443_411",
            "type": "RGB"
        },
        {
            "id": "{fce454dc-95c3-4bf5-a43d-bc100e5944a4}",
            "name": "N232_441_415",
            "type": "RGB"
        },
        {
            "id": "{67b4c33a-2ddb-44f9-b82e-298b6414f5b8}",
            "name": "N234_438_417",
            "type": "RGB"
        },
        {
            "id": "{1c00791d-f719-4509-8a93-64b5bf5464a9}",
            "name": "N236_438_417",
            "type": "RGB"
        },
        {
            "id": "{75268ee2-43c4-4fae-8724-8ff9ddef33f6}",
            "name": "N238_432_424",
            "type": "RGB"
        },
        {
            "id": "{a1ac3b29-d53c-4599-ad63-418ba7b95948}",
            "name": "N240_428_428",
            "type": "RGB"
        },
        {
            "id": "{c821acb0-f3b3-4203-b684-a37e1d6e715a}",
            "name": "N178_455_235",
            "type": "RGB"
        }
    ],
    "paths": [
    ]
}
