{
    "__categories": [
        {
            "expanded": true,
            "id": "raw",
            "visible": true
        }
    ],
    "__groups": [
    ],
    "bitsPerPixel": {
        "enabled": false,
        "type": "integer",
        "value": 32,
        "visible": true
    },
    "colorCount": {
        "enabled": false,
        "type": "integer",
        "value": 818,
        "visible": true
    },
    "colorMaskMode": {
        "enabled": true,
        "type": "combo",
        "value": 0,
        "visible": true
    },
    "colorMode": {
        "enabled": true,
        "type": "combo",
        "value": 6,
        "visible": true
    },
    "maskColor": {
        "enabled": true,
        "image": "{5d1c9832-9ff8-43e9-9a39-0ff5bf19af45}",
        "type": "imagecolor",
        "value": 0,
        "visible": false
    },
    "outputSize": {
        "enabled": false,
        "type": "integer",
        "value": 64400,
        "visible": true
    },
    "renderMode": {
        "enabled": true,
        "type": "combo",
        "value": 0,
        "visible": true
    },
    "useRLE": {
        "enabled": true,
        "type": "boolean",
        "value": false,
        "visible": true
    }
}
